image_index,model_type,category,hpsv2_score,aesthetics_score,background_mse,clip_text_image,dinov2_similarity
0,Photoshop,Real-Sketch,0.38111841678619385,5.469847679138184,0.0006202743689742129,0.3457585871219635,0.06489074975252151
0,TF-ICON,Real-Sketch,0.4266730546951294,5.660168647766113,0.008525125850460662,0.32244378328323364,0.06489074975252151
1,Photoshop,Real-Sketch,0.37912946939468384,5.508401870727539,0.0034189207432571206,0.3103906810283661,0.17935198545455933
1,TF-ICON,Real-Sketch,0.3966606855392456,5.580971717834473,0.011821561946412514,0.3032543659210205,0.17935198545455933
2,Photoshop,Real-Sketch,0.32348567247390747,5.447719573974609,0.000398347427655002,0.22400131821632385,0.2639480233192444
2,TF-ICON,Real-Sketch,0.3269258141517639,5.705107688903809,0.007381751325796429,0.24711227416992188,0.2639480233192444
3,Photoshop,Real-Sketch,0.31991806626319885,5.294097900390625,0.000495020310778235,0.332897424697876,0.20667681097984314
3,TF-ICON,Real-Sketch,0.3236083984375,5.222453594207764,0.003574676981949346,0.2841814160346985,0.20667681097984314
4,Photoshop,Real-Sketch,0.3348436951637268,5.226220607757568,0.0017599313110356423,0.31603458523750305,0.2252478152513504
4,TF-ICON,Real-Sketch,0.3975672721862793,5.481019973754883,0.013828275938685946,0.3344843089580536,0.2252478152513504
5,Photoshop,Real-Sketch,0.3829619884490967,5.376760482788086,0.000495631674656728,0.35208213329315186,0.1832646131515503
5,TF-ICON,Real-Sketch,0.34003907442092896,5.463190078735352,0.0037173370880734815,0.30747324228286743,0.1832646131515503
6,Photoshop,Real-Sketch,0.40963736176490784,5.802765846252441,0.004141425958576984,0.35659393668174744,0.1905646175146103
6,TF-ICON,Real-Sketch,0.4247656464576721,5.891955375671387,0.013515500502277334,0.3412068784236908,0.1905646175146103
7,Photoshop,Real-Sketch,0.3686128556728363,5.0155229568481445,0.003232026423688019,0.3227185010910034,0.21348649263381958
7,TF-ICON,Real-Sketch,0.3678884506225586,5.5110321044921875,0.012941905921883724,0.321995347738266,0.21348649263381958
8,Photoshop,Real-Sketch,0.3137153685092926,5.305452823638916,0.0002135858927086073,0.2977101802825928,0.24916547536849976
8,TF-ICON,Real-Sketch,0.3065704107284546,5.470956802368164,0.0068349836810027015,0.2876296043395996,0.24916547536849976
9,Photoshop,Real-Sketch,0.35416629910469055,5.229475975036621,0.0004958239548030676,0.32924264669418335,0.278947651386261
9,TF-ICON,Real-Sketch,0.32519233226776123,5.2948198318481445,0.0037730109840275502,0.30182981491088867,0.278947651386261
10,Photoshop,Real-Sketch,0.28685492277145386,5.393784523010254,0.00039069767843074454,0.21913541853427887,0.3203045129776001
10,TF-ICON,Real-Sketch,0.3112764060497284,5.73744535446167,0.011564522419078365,0.25693628191947937,0.3203045129776001
11,Photoshop,Real-Sketch,0.42530959844589233,5.536527633666992,0.0008322022696939192,0.3364907503128052,0.047335729002952576
11,TF-ICON,Real-Sketch,0.43242037296295166,5.426362037658691,0.010949461188528119,0.33241719007492065,0.047335729002952576
12,Photoshop,Real-Sketch,0.41943061351776123,5.490742206573486,0.0008920415590879199,0.34852391481399536,0.16381314396858215
12,TF-ICON,Real-Sketch,0.43588846921920776,5.683765411376953,0.010540200264980915,0.3261856138706207,0.16381314396858215
13,Photoshop,Real-Sketch,0.2924180328845978,5.576070308685303,0.0004258886645287782,0.25204628705978394,0.4133943021297455
13,TF-ICON,Real-Sketch,0.29337483644485474,5.86013650894165,0.007653515851995255,0.2532038986682892,0.4133943021297455
14,Photoshop,Real-Sketch,0.3098941147327423,5.674936294555664,0.00041917336420996834,0.21619091928005219,0.21267731487751007
14,TF-ICON,Real-Sketch,0.28690123558044434,5.398678779602051,0.006229674074683065,0.21862797439098358,0.21267731487751007
15,Photoshop,Real-Sketch,0.31952664256095886,5.574605941772461,0.00041790834674190844,0.22959411144256592,0.35324734449386597
15,TF-ICON,Real-Sketch,0.3179197609424591,5.748337268829346,0.006859433075959733,0.2565285265445709,0.35324734449386597
16,Photoshop,Real-Sketch,0.39158958196640015,5.390195846557617,0.001335495232470508,0.3226117193698883,0.20179703831672668
16,TF-ICON,Real-Sketch,0.40089523792266846,5.298089981079102,0.010983567772147528,0.30837056040763855,0.20179703831672668
17,Photoshop,Real-Sketch,0.3538532853126526,5.303135871887207,0.000494673092003299,0.3745233416557312,0.159422367811203
17,TF-ICON,Real-Sketch,0.3285629451274872,5.192970275878906,0.0038778092627726095,0.26990169286727905,0.159422367811203
18,Photoshop,Real-Sketch,0.38754552602767944,4.974295139312744,0.00175200735662477,0.33180123567581177,0.29774850606918335
18,TF-ICON,Real-Sketch,0.4038039743900299,5.620214462280273,0.013499236395355902,0.32234007120132446,0.29774850606918335
19,Photoshop,Real-Sketch,0.39551395177841187,5.637572288513184,0.0006195196924613696,0.3311922252178192,0.08755026757717133
19,TF-ICON,Real-Sketch,0.41397544741630554,5.607582092285156,0.007323693070196216,0.31257328391075134,0.08755026757717133
20,Photoshop,Real-Sketch,0.4123276472091675,5.554941177368164,0.0031844144199622624,0.37168368697166443,0.1974918246269226
20,TF-ICON,Real-Sketch,0.4273117780685425,5.913385391235352,0.01297401485779443,0.34022101759910583,0.1974918246269226
21,Photoshop,Real-Sketch,0.2977999448776245,5.519926071166992,0.0004971674820541314,0.2938336133956909,0.3619319498538971
21,TF-ICON,Real-Sketch,0.343367338180542,5.517973899841309,0.003935889835813106,0.317008376121521,0.3619319498538971
22,Photoshop,Real-Sketch,0.3933100700378418,4.898962497711182,0.0017514054237245716,0.34652459621429443,0.18725138902664185
22,TF-ICON,Real-Sketch,0.39868468046188354,5.104683876037598,0.01374625791854754,0.3322678208351135,0.18725138902664185
23,Photoshop,Real-Sketch,0.30691277980804443,5.531844615936279,0.0003911962491873318,0.22206753492355347,0.27298155426979065
23,TF-ICON,Real-Sketch,0.281634122133255,5.697612762451172,0.022665670689287987,0.21312713623046875,0.27298155426979065
24,Photoshop,Real-Sketch,0.347051203250885,5.125698566436768,0.0004972889863438517,0.333141028881073,0.19686856865882874
24,TF-ICON,Real-Sketch,0.29270103573799133,5.2484869956970215,0.004086529933360785,0.27518224716186523,0.19686856865882874
25,Photoshop,Real-Sketch,0.40359875559806824,5.214934349060059,0.0016918095426188093,0.34818169474601746,0.3042536973953247
25,TF-ICON,Real-Sketch,0.3893573582172394,5.778721809387207,0.0140818659012574,0.32109588384628296,0.3042536973953247
26,Photoshop,Real-Sketch,0.40533435344696045,5.388003349304199,0.0019289683265351861,0.3329697251319885,0.23044191300868988
26,TF-ICON,Real-Sketch,0.38952550292015076,4.976104259490967,0.011409696213636711,0.30628445744514465,0.23044191300868988
27,Photoshop,Real-Sketch,0.4197251498699188,5.819714546203613,0.000894576196891828,0.3344266414642334,0.13631698489189148
27,TF-ICON,Real-Sketch,0.40841013193130493,5.915225982666016,0.008607938782970557,0.33018121123313904,0.13631698489189148
28,Photoshop,Real-Sketch,0.40387728810310364,4.839491844177246,0.0004960515909661092,0.3506839871406555,0.2791721820831299
28,TF-ICON,Real-Sketch,0.3275509178638458,5.479626178741455,0.0038614258010995378,0.2710040509700775,0.2791721820831299
29,Photoshop,Real-Sketch,0.3162510097026825,5.573541641235352,0.001631031715739686,0.3323839604854584,0.2576931118965149
29,TF-ICON,Real-Sketch,0.34449470043182373,5.393191814422607,0.00415641103413505,0.32979345321655273,0.2576931118965149
30,Photoshop,Real-Sketch,0.26463618874549866,5.778590202331543,0.00040860173626710834,0.21033142507076263,0.33822211623191833
30,TF-ICON,Real-Sketch,0.3065089285373688,5.72443962097168,0.007882083870325695,0.23504935204982758,0.33822211623191833
31,Photoshop,Real-Cartoon,0.28856179118156433,6.120789527893066,0.0006921796929288813,0.23065604269504547,0.45004814863204956
31,TF-ICON,Real-Cartoon,0.2928733825683594,6.3677144050598145,0.010725598109323426,0.25608178973197937,0.45004814863204956
32,Photoshop,Real-Cartoon,0.2327117621898651,5.78822660446167,0.001554424257530628,0.24052594602108002,0.4070263206958771
32,TF-ICON,Real-Cartoon,0.3231604993343353,6.1753716468811035,0.01677266067048527,0.3364080488681793,0.4070263206958771
33,Photoshop,Real-Cartoon,0.255084753036499,5.868867874145508,0.0015341771069360972,0.24343012273311615,0.37149402499198914
33,TF-ICON,Real-Cartoon,0.2960790991783142,6.017004489898682,0.012522232629309968,0.28490597009658813,0.37149402499198914
34,Photoshop,Real-Cartoon,0.3046373724937439,5.112208366394043,0.0007025629364216106,0.30598294734954834,0.40052324533462524
34,TF-ICON,Real-Cartoon,0.3543172776699066,5.5613861083984375,0.00414427593498312,0.32276254892349243,0.40052324533462524
35,Photoshop,Real-Cartoon,0.39302873611450195,5.0911359786987305,0.0006813623847584819,0.3278253972530365,0.21199718117713928
35,TF-ICON,Real-Cartoon,0.39018920063972473,5.502936363220215,0.007813035327313707,0.2575979232788086,0.21199718117713928
36,Photoshop,Real-Cartoon,0.3340788185596466,5.53421688079834,0.004116123956984381,0.3174358010292053,0.2230536937713623
36,TF-ICON,Real-Cartoon,0.3752480745315552,6.259525775909424,0.008544177477382838,0.33378487825393677,0.2230536937713623
37,Photoshop,Real-Cartoon,0.37532374262809753,5.145413398742676,0.0006806946930056747,0.3423539400100708,0.29031217098236084
37,TF-ICON,Real-Cartoon,0.3979859948158264,5.93943977355957,0.007173464898781285,0.30762845277786255,0.29031217098236084
38,Photoshop,Real-Cartoon,0.3637312650680542,5.122572898864746,0.0007043101793933755,0.3176953196525574,0.3339594602584839
38,TF-ICON,Real-Cartoon,0.33890044689178467,5.669424533843994,0.0043109369610884254,0.3194907009601593,0.3339594602584839
39,Photoshop,Real-Cartoon,0.341018944978714,5.3066911697387695,0.0007032719585490204,0.30820801854133606,0.43047213554382324
39,TF-ICON,Real-Cartoon,0.36346232891082764,5.884830474853516,0.003913089966792205,0.3223072290420532,0.43047213554382324
40,Photoshop,Real-Cartoon,0.2556575536727905,5.601911544799805,0.0002770246606437306,0.23289193212985992,0.3873584270477295
40,TF-ICON,Real-Cartoon,0.2542654275894165,5.815395355224609,0.002140030327168074,0.23792120814323425,0.3873584270477295
41,Photoshop,Real-Cartoon,0.3664061725139618,5.149571418762207,0.0006946152688028749,0.3510078191757202,0.2655763030052185
41,TF-ICON,Real-Cartoon,0.42964935302734375,5.85239839553833,0.007479147036217181,0.34994757175445557,0.2655763030052185
42,Photoshop,Real-Cartoon,0.33946099877357483,4.997988700866699,0.0006792296852347784,0.30723220109939575,0.19657780230045319
42,TF-ICON,Real-Cartoon,0.34218788146972656,5.596364498138428,0.008856819757580361,0.2466823309659958,0.19657780230045319
43,Photoshop,Real-Cartoon,0.30450233817100525,5.696038246154785,0.0013989124865832155,0.23364578187465668,0.41144686937332153
43,TF-ICON,Real-Cartoon,0.31869280338287354,6.000255584716797,0.011512503594088345,0.26419171690940857,0.41144686937332153
44,Photoshop,Real-Cartoon,0.3552614152431488,5.5071001052856445,0.001994244043650791,0.32786864042282104,0.14726531505584717
44,TF-ICON,Real-Cartoon,0.4227619767189026,5.706739902496338,0.008369815202685591,0.32201507687568665,0.14726531505584717
45,Photoshop,Real-Cartoon,0.2971583604812622,5.30889892578125,0.004522622627506784,0.3156602680683136,0.47338414192199707
45,TF-ICON,Real-Cartoon,0.34549397230148315,5.825594902038574,0.004140769384572445,0.3155120611190796,0.47338414192199707
46,Photoshop,Real-Cartoon,0.27775925397872925,5.860624313354492,0.0015562406084945345,0.24804618954658508,0.40561437606811523
46,TF-ICON,Real-Cartoon,0.3290095031261444,6.018279075622559,0.013346843781341107,0.2927776575088501,0.40561437606811523
47,Photoshop,Real-Cartoon,0.36454451084136963,5.474101543426514,0.0008867530020411134,0.3653566539287567,0.32572877407073975
47,TF-ICON,Real-Cartoon,0.4137952923774719,5.698766708374023,0.009309136458776712,0.33413204550743103,0.32572877407073975
48,Photoshop,Real-Cartoon,0.263455867767334,5.948503494262695,0.0015443856812318146,0.22482627630233765,0.3421887755393982
48,TF-ICON,Real-Cartoon,0.30274200439453125,5.934350967407227,0.011510424876650242,0.2775525450706482,0.3421887755393982
49,Photoshop,Real-Cartoon,0.3395945429801941,4.948849201202393,0.0010025844325716002,0.31511980295181274,0.40636053681373596
49,TF-ICON,Real-Cartoon,0.38332700729370117,6.332601070404053,0.00782388228947622,0.3417498469352722,0.40636053681373596
50,Photoshop,Real-Cartoon,0.40998199582099915,5.303399085998535,0.003150450082842433,0.3382377624511719,0.45161184668540955
50,TF-ICON,Real-Cartoon,0.4132661819458008,6.143063068389893,0.010970485392480158,0.34613919258117676,0.45161184668540955
51,Photoshop,Real-Cartoon,0.30037200450897217,5.368464469909668,0.0007622087376776275,0.32156357169151306,0.37204477190971375
51,TF-ICON,Real-Cartoon,0.3491264283657074,5.57863187789917,0.004753152363244255,0.30750662088394165,0.37204477190971375
52,Photoshop,Real-Cartoon,0.3151569962501526,5.246982574462891,0.0007029375037663057,0.32164517045021057,0.46393686532974243
52,TF-ICON,Real-Cartoon,0.3473580479621887,5.663142204284668,0.003860143742391005,0.3309444189071655,0.46393686532974243
53,Photoshop,Real-Cartoon,0.3446781039237976,5.013740539550781,0.0019399724954340615,0.3276410698890686,0.29967063665390015
53,TF-ICON,Real-Cartoon,0.3651047945022583,6.118294715881348,0.00993948291880723,0.33223211765289307,0.29967063665390015
54,Photoshop,Real-Cartoon,0.3561764359474182,5.103272438049316,0.0006814618468273224,0.31415340304374695,0.20900200307369232
54,TF-ICON,Real-Cartoon,0.3690641224384308,5.814826488494873,0.006426554474752028,0.34525904059410095,0.20900200307369232
55,Photoshop,Real-Cartoon,0.2745879888534546,5.794264793395996,0.0014842384082761687,0.22551488876342773,0.35148900747299194
55,TF-ICON,Real-Cartoon,0.3203943967819214,5.913684844970703,0.012270405696457055,0.271101176738739,0.35148900747299194
56,Photoshop,Real-Cartoon,0.3470887839794159,5.453984260559082,0.0006865975068677643,0.33084940910339355,0.24224959313869476
56,TF-ICON,Real-Cartoon,0.3764427900314331,6.13563871383667,0.006984980320764994,0.3450070321559906,0.24224959313869476
57,Photoshop,Real-Cartoon,0.2910386323928833,5.250709056854248,0.0007023691517275327,0.29450780153274536,0.3457573652267456
57,TF-ICON,Real-Cartoon,0.3427315950393677,5.6731767654418945,0.0044908102940817065,0.32281941175460815,0.3457573652267456
58,Photoshop,Real-Real,0.33717095851898193,5.434131622314453,0.0007069857323838788,0.27462977170944214,0.1722099334001541
58,TF-ICON,Real-Real,0.35509544610977173,5.934507369995117,0.005817556671230615,0.2809726297855377,0.1722099334001541
59,Photoshop,Real-Real,0.3300000727176666,4.964881896972656,0.0019298245964465095,0.2732110321521759,0.41966602206230164
59,TF-ICON,Real-Real,0.3350854814052582,5.795831680297852,0.01116622804705513,0.2895475924015045,0.41966602206230164
60,Photoshop,Real-Real,0.33186769485473633,5.629269123077393,0.000713504800808074,0.23157170414924622,0.2674970328807831
60,TF-ICON,Real-Real,0.353472501039505,6.27951717376709,0.008263417181262042,0.2568248212337494,0.2674970328807831
61,Photoshop,Real-Real,0.343761682510376,4.888739109039307,0.0007032043272842731,0.24141842126846313,0.27853888273239136
61,TF-ICON,Real-Real,0.35558629035949707,6.0212249755859375,0.009809851153756283,0.25457999110221863,0.27853888273239136
62,Photoshop,Real-Real,0.3185392916202545,5.675495147705078,0.0007059814008976347,0.22046874463558197,0.08325730264186859
62,TF-ICON,Real-Real,0.3025689125061035,6.441376209259033,0.005587506404868024,0.22096721827983856,0.08325730264186859
63,Photoshop,Real-Real,0.3767402470111847,4.82103157043457,0.0007010281380844645,0.3162696063518524,0.5484017729759216
63,TF-ICON,Real-Real,0.3758889436721802,5.674230575561523,0.007906990545538112,0.35266679525375366,0.5484017729759216
64,Photoshop,Real-Real,0.19691604375839233,5.468169212341309,0.0015600910514775939,0.19132715463638306,0.19286583364009857
64,TF-ICON,Real-Real,0.23127642273902893,6.319704055786133,0.009228144996643909,0.2174360603094101,0.19286583364009857
65,Photoshop,Real-Real,0.3383311629295349,5.003910064697266,0.0019591063741002234,0.30210402607917786,0.23844583332538605
65,TF-ICON,Real-Real,0.36134403944015503,5.7142791748046875,0.010436811287900057,0.280250608921051,0.23844583332538605
66,Photoshop,Real-Real,0.3378552198410034,5.211365699768066,0.0018920783973325418,0.28094473481178284,0.3943468928337097
66,TF-ICON,Real-Real,0.37409454584121704,6.017828941345215,0.010671283685402058,0.28840652108192444,0.3943468928337097
67,Photoshop,Real-Real,0.3343673050403595,5.041405200958252,0.0007482835872029278,0.24839772284030914,0.6368017196655273
67,TF-ICON,Real-Real,0.35946255922317505,5.348711967468262,0.005164497516653373,0.28189772367477417,0.6368017196655273
68,Photoshop,Real-Real,0.2968028485774994,5.032996654510498,0.0006227071493283133,0.21384964883327484,0.2923927307128906
68,TF-ICON,Real-Real,0.3376099765300751,5.71397066116333,0.012038813917866873,0.23817205429077148,0.2923927307128906
69,Photoshop,Real-Real,0.1318710297346115,4.747687816619873,8.753976613026515e-06,0.14837592840194702,0.3490680456161499
69,TF-ICON,Real-Real,0.15679405629634857,4.9411516189575195,0.012488642244137552,0.1560637503862381,0.3490680456161499
70,Photoshop,Real-Real,0.3366222381591797,5.083006858825684,1.9768443469682656e-05,0.3095683157444,0.11113633960485458
70,TF-ICON,Real-Real,0.3733384311199188,5.553451061248779,0.028147973767468932,0.2735731899738312,0.11113633960485458
71,Photoshop,Real-Real,0.37695956230163574,4.530181407928467,0.0006575967532644587,0.330801784992218,0.6738158464431763
71,TF-ICON,Real-Real,0.41512060165405273,5.683681488037109,0.00692682748976884,0.3171162009239197,0.6738158464431763
72,Photoshop,Real-Real,0.2005736231803894,5.603076934814453,0.0007286315555017787,0.12980204820632935,0.43382757902145386
72,TF-ICON,Real-Real,0.3246816396713257,6.4162187576293945,0.006232446355319668,0.24121977388858795,0.43382757902145386
73,Photoshop,Real-Real,0.32055893540382385,5.133792877197266,0.001952981117317559,0.27865418791770935,0.34908145666122437
73,TF-ICON,Real-Real,0.3281046450138092,5.89963436126709,0.010613945932975714,0.2687496244907379,0.34908145666122437
74,Photoshop,Real-Real,0.38127171993255615,4.735661506652832,0.0006467873071780072,0.2816537916660309,0.7651159763336182
74,TF-ICON,Real-Real,0.41686463356018066,5.706401824951172,0.006357020634623628,0.30942392349243164,0.7651159763336182
75,Photoshop,Real-Real,0.392904132604599,5.165738105773926,0.0003551288038583225,0.3546612560749054,0.3388248085975647
75,TF-ICON,Real-Real,0.38859763741493225,5.720125198364258,0.003106649040275507,0.3391367793083191,0.3388248085975647
76,Photoshop,Real-Real,0.24469684064388275,5.105271816253662,0.00188548413485315,0.19455592334270477,0.13050486147403717
76,TF-ICON,Real-Real,0.3426002860069275,5.683548927307129,0.0091363967705029,0.27508091926574707,0.13050486147403717
77,Photoshop,Real-Real,0.3638497292995453,5.837070465087891,0.0006658104386505108,0.2721013128757477,0.19987916946411133
77,TF-ICON,Real-Real,0.3946138024330139,6.424381732940674,0.005755227623705115,0.27856749296188354,0.19987916946411133
78,Photoshop,Real-Real,0.3324401378631592,4.974186420440674,0.0006468957283689087,0.22685480117797852,0.17430329322814941
78,TF-ICON,Real-Real,0.3194890320301056,5.963061332702637,0.005861009443046368,0.22178955376148224,0.17430329322814941
79,Photoshop,Real-Real,0.2973501980304718,4.6513471603393555,0.0014912915831852497,0.22784771025180817,0.11083681136369705
79,TF-ICON,Real-Real,0.32527393102645874,4.903377056121826,0.008509820571023247,0.2588166892528534,0.11083681136369705
80,Photoshop,Real-Real,0.3241856098175049,4.905357360839844,0.001566896536761008,0.2783355116844177,0.34321457147598267
80,TF-ICON,Real-Real,0.3632151484489441,4.896525859832764,0.012009453526881087,0.28919386863708496,0.34321457147598267
81,Photoshop,Real-Real,0.332755446434021,5.039414405822754,0.0003552793673880028,0.3499707281589508,0.41145622730255127
81,TF-ICON,Real-Real,0.3474876582622528,5.411101341247559,0.002020870537466883,0.28558865189552307,0.41145622730255127
82,Photoshop,Real-Real,0.29115647077560425,5.62495231628418,0.0006080626812624844,0.22366352379322052,0.3975617289543152
82,TF-ICON,Real-Real,0.3134564757347107,5.558862209320068,0.0034630161862068292,0.2225247174501419,0.3975617289543152
83,Photoshop,Real-Real,0.37289345264434814,5.270607948303223,0.00034634457452576903,0.38106125593185425,0.6449941396713257
83,TF-ICON,Real-Real,0.387594997882843,5.595168113708496,0.004244139464886238,0.3618963062763214,0.6449941396713257
84,Photoshop,Real-Real,0.34700679779052734,5.096742630004883,0.0006554584295915519,0.35295215249061584,0.7727940082550049
84,TF-ICON,Real-Real,0.4732621908187866,5.8325910568237305,0.009744462223504238,0.349239706993103,0.7727940082550049
85,Photoshop,Real-Real,0.26736515760421753,5.153698444366455,0.0009129064230907481,0.2131747007369995,0.44912540912628174
85,TF-ICON,Real-Real,0.27346187829971313,5.325308799743652,0.0063972261829533675,0.20588402450084686,0.44912540912628174
86,Photoshop,Real-Real,0.17560593783855438,5.3278045654296875,0.0006593148904969153,0.2214408963918686,0.3901023268699646
86,TF-ICON,Real-Real,0.22066326439380646,5.7342634201049805,0.004792697787452368,0.2148173451423645,0.3901023268699646
87,Photoshop,Real-Real,0.38060352206230164,5.5648274421691895,0.0006472592690315118,0.3257121443748474,0.12834493815898895
87,TF-ICON,Real-Real,0.3892923593521118,6.268132209777832,0.005515985324733661,0.34637030959129333,0.12834493815898895
88,Photoshop,Real-Real,0.28705334663391113,5.741850852966309,0.0007063807149378995,0.257636696100235,0.3077060580253601
88,TF-ICON,Real-Real,0.3199795186519623,6.563841342926025,0.006241292633224328,0.27302321791648865,0.3077060580253601
89,Photoshop,Real-Real,0.2566218376159668,4.284253120422363,0.0015345292017084262,0.19604738056659698,0.448026180267334
89,TF-ICON,Real-Real,0.3051513135433197,4.852307319641113,0.011602656478224628,0.21014733612537384,0.448026180267334
90,Photoshop,Real-Real,0.3812680244445801,5.014447212219238,0.0014985818971801933,0.2731287479400635,0.28336301445961
90,TF-ICON,Real-Real,0.39539483189582825,5.054399490356445,0.009425654590261925,0.29603344202041626,0.28336301445961
91,Photoshop,Real-Real,0.30628982186317444,5.456265449523926,0.0006888700150723262,0.2315908819437027,0.05573930963873863
91,TF-ICON,Real-Real,0.31686389446258545,6.437821388244629,0.0059257051674901804,0.2514331042766571,0.05573930963873863
92,Photoshop,Real-Real,0.2949514389038086,4.719254970550537,0.001905770563197805,0.2210509181022644,0.09918604791164398
92,TF-ICON,Real-Real,0.32620614767074585,5.700657844543457,0.011399583532716834,0.24991726875305176,0.09918604791164398
93,Photoshop,Real-Real,0.19945107400417328,4.647758960723877,0.0006764343230536324,0.23721419274806976,0.4526939392089844
93,TF-ICON,Real-Real,0.2551896572113037,5.8152031898498535,0.005526918540921207,0.21247661113739014,0.4526939392089844
94,Photoshop,Real-Real,0.2126806527376175,5.1028594970703125,0.0009065360992898871,0.17497645318508148,0.2924092411994934
94,TF-ICON,Real-Real,0.22756893932819366,5.20121431350708,0.00659495340833677,0.18059995770454407,0.2924092411994934
95,Photoshop,Real-Real,0.2284678965806961,4.8138322830200195,0.0009444172764310649,0.1553668975830078,0.2816557288169861
95,TF-ICON,Real-Real,0.22984886169433594,5.2947282791137695,0.01007294130746915,0.17479753494262695,0.2816557288169861
96,Photoshop,Real-Real,0.2875370383262634,5.496410369873047,0.0007098944099064154,0.2061486840248108,0.15534357726573944
96,TF-ICON,Real-Real,0.2909138798713684,6.377258777618408,0.00565197437119674,0.23612180352210999,0.15534357726573944
97,Photoshop,Real-Real,0.35292482376098633,5.35573673248291,0.0006694529104269148,0.2953299582004547,0.13737903535366058
97,TF-ICON,Real-Real,0.3560401499271393,6.3883748054504395,0.005587651685497033,0.3115278482437134,0.13737903535366058
98,Photoshop,Real-Real,0.25510236620903015,4.896068096160889,0.0011292046865134537,0.2159682959318161,0.30909642577171326
98,TF-ICON,Real-Real,0.2939208745956421,5.6434478759765625,0.006427932353542907,0.23866042494773865,0.30909642577171326
99,Photoshop,Real-Real,0.39626917243003845,5.593878269195557,4.2308066315070184e-05,0.3203393220901489,0.09123547375202179
99,TF-ICON,Real-Real,0.3836978077888489,6.037868976593018,0.032960907061046964,0.3197456896305084,0.09123547375202179
100,Photoshop,Real-Real,0.32731324434280396,5.337380409240723,0.0008053571612268955,0.24675148725509644,0.5537244081497192
100,TF-ICON,Real-Real,0.33375638723373413,5.724240303039551,0.014376101487472943,0.2471744567155838,0.5537244081497192
101,Photoshop,Real-Real,0.30603817105293274,5.551959037780762,0.0006565832224461341,0.18568594753742218,0.20831502974033356
101,TF-ICON,Real-Real,0.314138799905777,6.496935844421387,0.007346630646472382,0.23198865354061127,0.20831502974033356
102,Photoshop,Real-Real,0.30278271436691284,5.27928352355957,0.000685395602657126,0.23624059557914734,0.3686526417732239
102,TF-ICON,Real-Real,0.29865479469299316,6.01152229309082,0.0058340420871856764,0.24504299461841583,0.3686526417732239
103,Photoshop,Real-Real,0.40326303243637085,4.415616035461426,0.0003893799134574577,0.3647768199443817,0.5321992039680481
103,TF-ICON,Real-Real,0.4277181029319763,5.37313985824585,0.003973328564426955,0.347322553396225,0.5321992039680481
104,Photoshop,Real-Real,0.2668296694755554,5.41644811630249,0.000713902595271984,0.184881329536438,0.29325324296951294
104,TF-ICON,Real-Real,0.2646656632423401,6.008742809295654,0.00563384357269974,0.18286098539829254,0.29325324296951294
105,Photoshop,Real-Real,0.243129163980484,4.600489616394043,0.0015537787523328779,0.20402733981609344,0.25217562913894653
105,TF-ICON,Real-Real,0.33196821808815,5.090994358062744,0.009912980830165063,0.19945009052753448,0.25217562913894653
106,Photoshop,Real-Real,0.2472836822271347,5.0118207931518555,4.4689378357363145e-05,0.23607833683490753,0.2664605379104614
106,TF-ICON,Real-Real,0.30591881275177,5.619171142578125,0.032971106856425465,0.28200939297676086,0.2664605379104614
107,Photoshop,Real-Real,0.2167847901582718,5.265953063964844,0.0011789037350682537,0.20862272381782532,0.24351739883422852
107,TF-ICON,Real-Real,0.2510950267314911,5.767095565795898,0.006772933751438909,0.23134474456310272,0.24351739883422852
108,Photoshop,Real-Real,0.3363261818885803,4.890146255493164,0.001506582721355255,0.24571041762828827,0.2755325138568878
108,TF-ICON,Real-Real,0.3629024624824524,5.284985542297363,0.00907372263426007,0.25538578629493713,0.2755325138568878
109,Photoshop,Real-Real,0.22877097129821777,4.37183952331543,0.0014684105043938234,0.22893831133842468,0.13652485609054565
109,TF-ICON,Real-Real,0.31938621401786804,4.611019134521484,0.008637193569551897,0.2450491040945053,0.13652485609054565
110,Photoshop,Real-Real,0.3221645951271057,5.198482513427734,0.0007400778557811789,0.2733960449695587,0.6621673107147217
110,TF-ICON,Real-Real,0.3351638913154602,5.709870338439941,0.006044895277239185,0.2670917212963104,0.6621673107147217
111,Photoshop,Real-Real,0.32038748264312744,5.785815238952637,0.0006919801658210596,0.2497459203004837,0.13593772053718567
111,TF-ICON,Real-Real,0.3414669334888458,6.474384307861328,0.007467828352810297,0.2847699522972107,0.13593772053718567
112,Photoshop,Real-Real,0.3858022093772888,5.155900955200195,0.00035910122158065087,0.34149453043937683,0.5242022275924683
112,TF-ICON,Real-Real,0.37950190901756287,5.47206974029541,0.003249826303803788,0.3335682451725006,0.5242022275924683
113,Photoshop,Real-Real,0.30700933933258057,5.299239158630371,0.0017877677458616249,0.25981414318084717,0.3841082751750946
113,TF-ICON,Real-Real,0.3348478376865387,5.512118339538574,0.010504104203520317,0.2823886275291443,0.3841082751750946
114,Photoshop,Real-Real,0.3136030435562134,5.792818546295166,0.0006936360729417967,0.20463094115257263,0.17964977025985718
114,TF-ICON,Real-Real,0.30172067880630493,6.595488548278809,0.0057927162522771495,0.22209088504314423,0.17964977025985718
115,Photoshop,Real-Real,0.38503497838974,5.284966468811035,0.00036894057595831907,0.3250710368156433,0.46136653423309326
115,TF-ICON,Real-Real,0.3909398019313812,6.141863822937012,0.0034548319602979104,0.3529278337955475,0.46136653423309326
116,Photoshop,Real-Real,0.3443658947944641,5.226482391357422,0.001975609469871839,0.2723103165626526,0.3322408199310303
116,TF-ICON,Real-Real,0.3656010627746582,5.972860813140869,0.01150927284681021,0.27377235889434814,0.3322408199310303
117,Photoshop,Real-Real,0.3082691431045532,4.4480133056640625,0.001538904020733865,0.253171443939209,0.347079873085022
117,TF-ICON,Real-Real,0.33372631669044495,4.692992210388184,0.00975220046572567,0.25930166244506836,0.347079873085022
118,Photoshop,Real-Real,0.35470426082611084,5.298652648925781,0.00034550642895017793,0.30849945545196533,0.7372415065765381
118,TF-ICON,Real-Real,0.3887013792991638,5.773462295532227,0.0035155792516878316,0.32013842463493347,0.7372415065765381
119,Photoshop,Real-Real,0.35868021845817566,5.059347152709961,0.00035936386369655207,0.3637830317020416,0.49182283878326416
119,TF-ICON,Real-Real,0.39839455485343933,5.424772262573242,0.003011692087734942,0.3363584876060486,0.49182283878326416
120,Photoshop,Real-Real,0.39276254177093506,5.430545806884766,0.0006453456329778182,0.28428947925567627,0.2504023313522339
120,TF-ICON,Real-Real,0.4078558683395386,6.117669105529785,0.008543066992742541,0.2885146141052246,0.2504023313522339
121,Photoshop,Real-Real,0.3111070394515991,4.950960159301758,0.0014696752028912745,0.24513207376003265,0.15044941008090973
121,TF-ICON,Real-Real,0.35185980796813965,5.208789825439453,0.009183716026036636,0.25248974561691284,0.15044941008090973
122,Photoshop,Real-Real,0.3357844352722168,4.6736955642700195,0.0016036716262918503,0.26550614833831787,0.4396752119064331
122,TF-ICON,Real-Real,0.3624851703643799,5.3362717628479,0.0094235464593401,0.27780455350875854,0.4396752119064331
123,Photoshop,Real-Real,0.26416054368019104,4.689123153686523,0.0014803954460579638,0.2552518844604492,0.13868124783039093
123,TF-ICON,Real-Real,0.32917970418930054,5.075351238250732,0.008447868171172235,0.2516016364097595,0.13868124783039093
124,Photoshop,Real-Real,0.33031514286994934,4.728704929351807,0.0015654573427966855,0.26972049474716187,0.36486953496932983
124,TF-ICON,Real-Real,0.339958518743515,5.224447250366211,0.009441247614460073,0.27506911754608154,0.36486953496932983
125,Photoshop,Real-Real,0.34178560972213745,5.117844581604004,0.00034432614752669274,0.29493477940559387,0.4488620162010193
125,TF-ICON,Real-Real,0.35185322165489197,5.724914073944092,0.002052419628290423,0.28545472025871277,0.4488620162010193
126,Photoshop,Real-Real,0.33793655037879944,5.576050758361816,0.0006600665365166412,0.27412545680999756,0.2691382169723511
126,TF-ICON,Real-Real,0.34163472056388855,6.003012657165527,0.005678824465953215,0.27848681807518005,0.2691382169723511
127,Photoshop,Real-Real,0.3205696642398834,4.8447699546813965,0.0007078439314451636,0.332753449678421,0.5534070730209351
127,TF-ICON,Real-Real,0.4265899062156677,5.159794807434082,0.013498773143705034,0.3132142424583435,0.5534070730209351
128,Photoshop,Real-Real,0.35236862301826477,5.563755989074707,0.0019602678162813107,0.2655547261238098,0.21421228349208832
128,TF-ICON,Real-Real,0.35203176736831665,5.98133659362793,0.012968596023218553,0.2645565867424011,0.21421228349208832
129,Photoshop,Real-Real,0.21517913043498993,5.1705827713012695,0.0008238401267640048,0.2585858106613159,0.29671525955200195
129,TF-ICON,Real-Real,0.28117620944976807,5.7207770347595215,0.0060861305589039,0.27220478653907776,0.29671525955200195
130,Photoshop,Real-Real,0.2652013599872589,5.570428371429443,0.0006861221036902159,0.2306441068649292,0.13336844742298126
130,TF-ICON,Real-Real,0.3248462975025177,6.40571928024292,0.00551932049293021,0.24655233323574066,0.13336844742298126
131,Photoshop,Real-Real,0.33762264251708984,5.595009803771973,0.001902468641722483,0.27784621715545654,0.26132071018218994
131,TF-ICON,Real-Real,0.3660438656806946,5.944060325622559,0.00976819911394469,0.2855912744998932,0.26132071018218994
132,Photoshop,Real-Real,0.2562033534049988,4.775363922119141,0.0011306550149530856,0.23617403209209442,0.4666581451892853
132,TF-ICON,Real-Real,0.3242700695991516,5.638873100280762,0.007006600141915848,0.22409310936927795,0.4666581451892853
133,Photoshop,Real-Real,0.2908459007740021,5.033073425292969,0.0006821684764941589,0.23410992324352264,0.6875360012054443
133,TF-ICON,Real-Real,0.3526199460029602,5.928926467895508,0.005128623285389698,0.252851277589798,0.6875360012054443
134,Photoshop,Real-Real,0.2975917458534241,4.97210168838501,0.0015204716973034943,0.2187134474515915,0.21292221546173096
134,TF-ICON,Real-Real,0.29781439900398254,5.164766311645508,0.008996906889489585,0.22539478540420532,0.21292221546173096
135,Photoshop,Real-Real,0.3717762231826782,5.124382019042969,2.974162078362301e-05,0.296592652797699,0.4811992049217224
135,TF-ICON,Real-Real,0.3772335350513458,5.824669361114502,0.032123857471999945,0.2794162333011627,0.4811992049217224
136,Photoshop,Real-Real,0.35365208983421326,5.890468120574951,0.0006667278714695894,0.2731648087501526,0.19764989614486694
136,TF-ICON,Real-Real,0.37219494581222534,6.285913467407227,0.00836698615337543,0.28688278794288635,0.19764989614486694
137,Photoshop,Real-Real,0.3218044936656952,4.664683818817139,0.001374255589646275,0.26826778054237366,0.22384372353553772
137,TF-ICON,Real-Real,0.36526545882225037,4.940976142883301,0.01196027074539276,0.2739255428314209,0.22384372353553772
138,Photoshop,Real-Real,0.329790860414505,4.819262981414795,0.001527857830421268,0.2542913556098938,0.23941271007061005
138,TF-ICON,Real-Real,0.3582965135574341,5.276215076446533,0.008641578868418473,0.2676233947277069,0.23941271007061005
139,Photoshop,Real-Real,0.17373168468475342,5.218143463134766,0.0007207749521128199,0.2223115861415863,0.34697818756103516
139,TF-ICON,Real-Real,0.43910256028175354,5.572323799133301,0.015403965076620944,0.36651110649108887,0.34697818756103516
140,Photoshop,Real-Real,0.2715834081172943,5.494412899017334,0.0006915935859180047,0.20969144999980927,0.16482093930244446
140,TF-ICON,Real-Real,0.27268922328948975,6.096621513366699,0.005745596577052623,0.21845890581607819,0.16482093930244446
141,Photoshop,Real-Real,0.34902679920196533,5.20474910736084,0.001827909223129723,0.27548813819885254,0.28247302770614624
141,TF-ICON,Real-Real,0.369178831577301,5.600342750549316,0.010661548553400542,0.2882893681526184,0.28247302770614624
142,Photoshop,Real-Real,0.3228326439857483,4.658994674682617,0.0006868201973244558,0.24523316323757172,0.702433168888092
142,TF-ICON,Real-Real,0.3663066029548645,5.701074600219727,0.008745862647795803,0.26435527205467224,0.702433168888092
143,Photoshop,Real-Real,0.3039827346801758,4.709290981292725,0.001564378434643238,0.2712397873401642,0.41779375076293945
143,TF-ICON,Real-Real,0.28284892439842224,4.994487762451172,0.009249252651151582,0.2562873363494873,0.41779375076293945
144,Photoshop,Real-Real,0.35376617312431335,4.84182071685791,0.0003745507780172106,0.37901511788368225,0.4691154956817627
144,TF-ICON,Real-Real,0.3444821834564209,5.674110412597656,0.0021361575798616436,0.3379882574081421,0.4691154956817627
145,Photoshop,Real-Real,0.34536999464035034,4.967348575592041,0.0015586246937228053,0.2446167916059494,0.3405841290950775
145,TF-ICON,Real-Real,0.36697328090667725,5.331060409545898,0.009827192813781822,0.2608368396759033,0.3405841290950775
146,Photoshop,Real-Real,0.35333067178726196,4.968430519104004,0.001597930722825457,0.3063499927520752,0.3701366186141968
146,TF-ICON,Real-Real,0.36656415462493896,5.5448737144470215,0.010513257336973997,0.30703219771385193,0.3701366186141968
147,Photoshop,Real-Real,0.2613386809825897,5.040077209472656,0.0009092879782113276,0.1661449670791626,0.3169883191585541
147,TF-ICON,Real-Real,0.2883777320384979,5.607626914978027,0.0061090163379548265,0.22122822701931,0.3169883191585541
148,Photoshop,Real-Real,0.32509633898735046,5.250185966491699,0.0005859165514977625,0.24467948079109192,0.39427661895751953
148,TF-ICON,Real-Real,0.35418301820755005,5.471841335296631,0.006144039972181371,0.2654492259025574,0.39427661895751953
149,Photoshop,Real-Real,0.3029857873916626,4.763261318206787,0.0014828110702197479,0.22430634498596191,0.19458726048469543
149,TF-ICON,Real-Real,0.33023011684417725,5.254558563232422,0.008714436539874196,0.21884548664093018,0.19458726048469543
150,Photoshop,Real-Real,0.30494603514671326,4.867565631866455,0.0014984682420269868,0.22916294634342194,0.1905127912759781
150,TF-ICON,Real-Real,0.3024131655693054,5.034961700439453,0.00849688204013383,0.21388711035251617,0.1905127912759781
151,Photoshop,Real-Real,0.25961339473724365,5.007882118225098,0.0018770512885827732,0.27218347787857056,0.42641329765319824
151,TF-ICON,Real-Real,0.30055132508277893,5.754169464111328,0.010297801303293032,0.25619441270828247,0.42641329765319824
152,Photoshop,Real-Real,0.3201831877231598,5.148963451385498,0.0018535974842428932,0.279206782579422,0.24513357877731323
152,TF-ICON,Real-Real,0.36099493503570557,5.6903605461120605,0.014617611653638103,0.2796722948551178,0.24513357877731323
153,Photoshop,Real-Real,0.2968732714653015,5.022258758544922,0.001763368037904658,0.25135666131973267,0.5119190216064453
153,TF-ICON,Real-Real,0.31427884101867676,5.5500874519348145,0.009396162615070059,0.2464590072631836,0.5119190216064453
154,Photoshop,Real-Real,0.24181866645812988,4.817172050476074,0.0014874450644282585,0.20112349092960358,0.27079492807388306
154,TF-ICON,Real-Real,0.26542311906814575,5.0010576248168945,0.009138104067454855,0.19644804298877716,0.27079492807388306
155,Photoshop,Real-Real,0.33405810594558716,5.94925594329834,0.0006878237423678112,0.24898408353328705,0.24180230498313904
155,TF-ICON,Real-Real,0.3321155309677124,6.446526527404785,0.006469746098712541,0.2755945920944214,0.24180230498313904
156,Photoshop,Real-Real,0.24666723608970642,5.411412239074707,0.0007373311499269068,0.18521681427955627,0.6272373199462891
156,TF-ICON,Real-Real,0.3272345960140228,5.656106948852539,0.005792797430109386,0.2915636897087097,0.6272373199462891
158,Photoshop,Real-Real,0.27377235889434814,5.285530090332031,0.0014811206964712468,0.23084309697151184,0.24160172045230865
158,TF-ICON,Real-Real,0.2893933057785034,5.313665866851807,0.014675807661971806,0.2567371726036072,0.24160172045230865
159,Photoshop,Real-Real,0.4254648685455322,5.468204498291016,4.5716658422387074e-05,0.2538638412952423,0.13138076663017273
159,TF-ICON,Real-Real,0.45725253224372864,5.900971412658691,0.03395053989015444,0.3172175884246826,0.13138076663017273
160,Photoshop,Real-Real,0.25009551644325256,4.900589942932129,0.0019372563024427452,0.22573551535606384,0.07677381485700607
160,TF-ICON,Real-Real,0.3181231617927551,5.403017997741699,0.009595511732360494,0.2892940044403076,0.07677381485700607
161,Photoshop,Real-Real,0.2848334312438965,4.966342926025391,0.0014745689132796393,0.2238934189081192,0.14327150583267212
161,TF-ICON,Real-Real,0.33617764711380005,5.292585372924805,0.012536457367243391,0.2523335814476013,0.14327150583267212
162,Photoshop,Real-Real,0.3207310736179352,5.347326755523682,0.0003619225620151849,0.3040333688259125,0.42469483613967896
162,TF-ICON,Real-Real,0.33734893798828125,5.5483551025390625,0.0019182589361098508,0.315369188785553,0.42469483613967896
163,Photoshop,Real-Real,0.34800976514816284,4.53571081161499,0.0006802863402997952,0.2813844084739685,0.7437946200370789
163,TF-ICON,Real-Real,0.37707555294036865,5.513179779052734,0.006367293526573367,0.2807774841785431,0.7437946200370789
164,Photoshop,Real-Real,0.30291855335235596,5.446131706237793,0.000640198602679899,0.27041319012641907,0.5706026554107666
164,TF-ICON,Real-Real,0.3511485755443573,5.663818359375,0.006782897600962601,0.2537626624107361,0.5706026554107666
165,Photoshop,Real-Real,0.3524436354637146,5.035523414611816,0.0003524325530922005,0.3184499740600586,0.5884953737258911
165,TF-ICON,Real-Real,0.404206246137619,5.508761405944824,0.00440167653350866,0.32292744517326355,0.5884953737258911
166,Photoshop,Real-Real,0.32911691069602966,4.830154895782471,0.0015229022786881923,0.24609464406967163,0.27490657567977905
166,TF-ICON,Real-Real,0.3708333671092987,5.108698844909668,0.009556849997448814,0.24192778766155243,0.27490657567977905
168,Photoshop,Real-Real,0.29926592111587524,4.631410121917725,0.001501954151072321,0.2817482054233551,0.22272323071956635
168,TF-ICON,Real-Real,0.3440306484699249,4.800746440887451,0.008939292242070691,0.30287113785743713,0.22272323071956635
169,Photoshop,Real-Real,0.3495153486728668,5.059331893920898,0.0018428014949509952,0.3015022873878479,0.36816906929016113
169,TF-ICON,Real-Real,0.3584750294685364,5.618739128112793,0.010704940067304079,0.2902785539627075,0.36816906929016113
170,Photoshop,Real-Real,0.2785911560058594,5.85367488861084,0.0006427500363285179,0.2154577076435089,0.23142409324645996
170,TF-ICON,Real-Real,0.32225000858306885,6.620205402374268,0.007109863373074814,0.25044065713882446,0.23142409324645996
171,Photoshop,Real-Real,0.31418105959892273,4.929041862487793,0.0018585945789824161,0.27125364542007446,0.020014487206935883
171,TF-ICON,Real-Real,0.36820513010025024,5.782405376434326,0.009954971155371905,0.273004412651062,0.020014487206935883
172,Photoshop,Real-Real,0.29293277859687805,5.765488147735596,0.0006988471699386469,0.18888147175312042,0.16623634099960327
172,TF-ICON,Real-Real,0.3191802501678467,6.410445213317871,0.006303846805597178,0.21587155759334564,0.16623634099960327
173,Photoshop,Real-Real,0.32505083084106445,5.32236385345459,0.0006818888231440697,0.21184861660003662,0.1785198152065277
173,TF-ICON,Real-Real,0.32186785340309143,6.51408052444458,0.00608685116650551,0.237038254737854,0.1785198152065277
175,Photoshop,Real-Real,0.42457765340805054,4.899236679077148,4.147193920378744e-05,0.31129077076911926,0.07814517617225647
175,TF-ICON,Real-Real,0.42295336723327637,5.631622314453125,0.033878470544793364,0.30610185861587524,0.07814517617225647
176,Photoshop,Real-Real,0.3777238130569458,5.027142524719238,0.0008624255342494791,0.2931804060935974,0.4361691474914551
176,TF-ICON,Real-Real,0.37765035033226013,5.683629035949707,0.01724483940245067,0.26704081892967224,0.4361691474914551
177,Photoshop,Real-Real,0.31477707624435425,4.821859359741211,0.0007026790436149306,0.29407617449760437,0.35349881649017334
177,TF-ICON,Real-Real,0.39300310611724854,5.361825942993164,0.013715092069072054,0.2851666212081909,0.35349881649017334
178,Photoshop,Real-Real,0.3345986604690552,5.371642589569092,0.0007060544994325747,0.28241705894470215,0.132938414812088
178,TF-ICON,Real-Real,0.3543878495693207,6.259876728057861,0.005690548973631926,0.3086099922657013,0.132938414812088
179,Photoshop,Real-Real,0.21369963884353638,4.880612850189209,0.001899398108519879,0.24132558703422546,0.05729822441935539
179,TF-ICON,Real-Real,0.27246928215026855,5.416187286376953,0.009007866887493722,0.21067993342876434,0.05729822441935539
180,Photoshop,Real-Real,0.3730383813381195,5.218774795532227,0.0003789371125253676,0.3075449466705322,0.490649551153183
180,TF-ICON,Real-Real,0.40924930572509766,5.673480033874512,0.002810122657955565,0.3333674371242523,0.490649551153183
181,Photoshop,Real-Real,0.37961578369140625,5.477972507476807,0.0006758946941106023,0.27245527505874634,0.1206960678100586
181,TF-ICON,Real-Real,0.36637479066848755,6.12198543548584,0.006045810015348596,0.27764689922332764,0.1206960678100586
182,Photoshop,Real-Real,0.3500359058380127,4.990438938140869,0.0006829679741517769,0.30746492743492126,0.6820303201675415
182,TF-ICON,Real-Real,0.40638428926467896,5.375218868255615,0.008396534416494286,0.32203951478004456,0.6820303201675415
183,Photoshop,Real-Real,0.11257024109363556,4.287644386291504,0.001462329374254129,0.18115410208702087,0.014951316639780998
183,TF-ICON,Real-Real,0.2420264184474945,4.7163872718811035,0.008548184435905947,0.20447389781475067,0.014951316639780998
184,Photoshop,Real-Real,0.33895617723464966,4.571326732635498,0.001530204658364048,0.273972749710083,0.3199451267719269
184,TF-ICON,Real-Real,0.36201462149620056,5.384226322174072,0.009362301955819038,0.26943039894104004,0.3199451267719269
185,Photoshop,Real-Real,0.33765754103660583,5.177720069885254,0.001765531815927248,0.2588627338409424,0.06878139823675156
185,TF-ICON,Real-Real,0.33055976033210754,5.549182891845703,0.01244569313533067,0.2548083961009979,0.06878139823675156
186,Photoshop,Real-Real,0.32249388098716736,5.165641784667969,0.0019502527148808882,0.2495550811290741,0.18557016551494598
186,TF-ICON,Real-Real,0.35535264015197754,5.781553268432617,0.010505101927968255,0.2544747292995453,0.18557016551494598
187,Photoshop,Real-Real,0.2761076092720032,4.8313679695129395,0.001953961823564866,0.23899026215076447,0.3534450829029083
187,TF-ICON,Real-Real,0.3004476726055145,5.358207702636719,0.010748606768682691,0.25125783681869507,0.3534450829029083
188,Photoshop,Real-Real,0.22409042716026306,5.005856513977051,0.000799672643951623,0.1880834549665451,0.34730005264282227
188,TF-ICON,Real-Real,0.2313215434551239,5.148240089416504,0.005661330686853872,0.19259227812290192,0.34730005264282227
189,Photoshop,Real-Real,0.2502831816673279,5.629283905029297,0.0007025966152605274,0.1927715241909027,0.1329791247844696
189,TF-ICON,Real-Real,0.278145968914032,6.423330307006836,0.006351772795411436,0.23851707577705383,0.1329791247844696
190,Photoshop,Real-Real,0.25401389598846436,5.046511173248291,0.0007813179759497638,0.19249430298805237,0.4234713912010193
190,TF-ICON,Real-Real,0.22395403683185577,5.228387832641602,0.006108968892275661,0.20872527360916138,0.4234713912010193
191,Photoshop,Real-Real,0.2797277271747589,5.3023681640625,0.000345874554050822,0.30879026651382446,0.7135220766067505
191,TF-ICON,Real-Real,0.3289168179035187,5.631155490875244,0.009074742790278215,0.29688775539398193,0.7135220766067505
192,Photoshop,Real-Real,0.28513121604919434,5.119763374328613,0.0007980723049767592,0.19350342452526093,0.368675172328949
192,TF-ICON,Real-Real,0.2956355810165405,5.248532295227051,0.005102770907150192,0.21336033940315247,0.368675172328949
193,Photoshop,Real-Real,0.3802701234817505,4.977900981903076,0.0008638543087657306,0.2926889657974243,0.39858168363571167
193,TF-ICON,Real-Real,0.38353267312049866,5.637611389160156,0.008643680418477023,0.2570074200630188,0.39858168363571167
194,Photoshop,Real-Real,0.3381640315055847,5.2431511878967285,0.00037426462114705325,0.3148752450942993,0.46248945593833923
194,TF-ICON,Real-Real,0.38195183873176575,5.470895290374756,0.0020723854176668173,0.32056519389152527,0.46248945593833923
195,Photoshop,Real-Real,0.3071330487728119,4.821194171905518,0.0017969225336982874,0.26251792907714844,0.3494011163711548
195,TF-ICON,Real-Real,0.3156651258468628,5.653384208679199,0.010500786128421917,0.26778581738471985,0.3494011163711548
196,Photoshop,Real-Real,0.33236193656921387,4.857969760894775,0.001517245278424766,0.26654931902885437,0.3282405138015747
196,TF-ICON,Real-Real,0.367844820022583,5.28618049621582,0.01068856976641414,0.2798830568790436,0.3282405138015747
197,Photoshop,Real-Real,0.3430076837539673,5.666077613830566,0.0006722685743566211,0.23877042531967163,0.11390117555856705
197,TF-ICON,Real-Real,0.3574758768081665,6.3757781982421875,0.005950049243892006,0.26643455028533936,0.11390117555856705
198,Photoshop,Real-Real,0.31940245628356934,5.02866268157959,0.0018996308418869187,0.2486235350370407,0.08791467547416687
198,TF-ICON,Real-Real,0.3032028377056122,5.337684154510498,0.008688185679376284,0.24166807532310486,0.08791467547416687
199,Photoshop,Real-Real,0.36037397384643555,4.893517017364502,0.0007067595226892519,0.28504741191864014,0.6808551549911499
199,TF-ICON,Real-Real,0.44560179114341736,5.691026210784912,0.009313952991537032,0.31143680214881897,0.6808551549911499
200,Photoshop,Real-Real,0.3547990620136261,4.624504089355469,0.0015209559718593897,0.26399052143096924,0.49882394075393677
200,TF-ICON,Real-Real,0.36510971188545227,4.836097240447998,0.009049496184887445,0.2610665261745453,0.49882394075393677
201,Photoshop,Real-Real,0.3037824034690857,4.824339866638184,0.0018280820880371097,0.22463390231132507,0.16912971436977386
201,TF-ICON,Real-Real,0.2970331907272339,5.887804985046387,0.011649781250888593,0.24682670831680298,0.16912971436977386
202,Photoshop,Real-Real,0.32026684284210205,4.616866111755371,0.0015373710252369601,0.25876522064208984,0.26797857880592346
202,TF-ICON,Real-Real,0.35340601205825806,4.930001258850098,0.010646969177756425,0.2813636362552643,0.26797857880592346
203,Photoshop,Real-Real,0.3240789771080017,4.37577486038208,0.0015885996550574102,0.2620455026626587,0.5333400964736938
203,TF-ICON,Real-Real,0.3638055920600891,4.739930629730225,0.009877616584512828,0.28415337204933167,0.5333400964736938
204,Photoshop,Real-Real,0.38974693417549133,5.27093505859375,4.4421214657151226e-05,0.30228391289711,0.12397223711013794
204,TF-ICON,Real-Real,0.39238864183425903,6.041250228881836,0.03487485937592903,0.33186474442481995,0.12397223711013794
205,Photoshop,Real-Real,0.25826215744018555,5.269924640655518,0.0018369429444953628,0.22299426794052124,0.22225621342658997
205,TF-ICON,Real-Real,0.2730751037597656,5.6432204246521,0.010001257916188534,0.23145683109760284,0.22225621342658997
206,Photoshop,Real-Real,0.38216114044189453,4.858095645904541,0.00035546703980665536,0.36229783296585083,0.6237802505493164
206,TF-ICON,Real-Real,0.3691960573196411,5.490918159484863,0.0049653019687589985,0.31739771366119385,0.6237802505493164
207,Photoshop,Real-Real,0.28252092003822327,4.475869655609131,0.0015104983043180236,0.22328612208366394,0.1755395531654358
207,TF-ICON,Real-Real,0.3397199511528015,5.451577186584473,0.021856540960788855,0.24493031203746796,0.1755395531654358
208,Photoshop,Real-Real,0.3112419545650482,4.952511787414551,1.8548972786641065e-05,0.27820733189582825,0.10497836768627167
208,TF-ICON,Real-Real,0.3250218629837036,5.848230361938477,0.011595822794428008,0.2965089976787567,0.10497836768627167
209,Photoshop,Real-Real,0.319582998752594,5.185033798217773,0.0007298508908043288,0.2925995886325836,0.6751441955566406
209,TF-ICON,Real-Real,0.38266992568969727,5.3507843017578125,0.005117138250217451,0.31940948963165283,0.6751441955566406
210,Photoshop,Real-Real,0.3309749960899353,4.869273662567139,0.0018990787698874418,0.3265293538570404,0.39274048805236816
210,TF-ICON,Real-Real,0.37413546442985535,5.996146202087402,0.013571432935602385,0.2913554906845093,0.39274048805236816
211,Photoshop,Real-Real,0.2817317843437195,5.416560173034668,0.0006095609199138402,0.2538813650608063,0.5251741409301758
211,TF-ICON,Real-Real,0.43281090259552,5.444130897521973,0.013754246776356255,0.2975996434688568,0.5251741409301758
212,Photoshop,Real-Real,0.1543676257133484,5.027908802032471,0.0006698826732083476,0.19305743277072906,0.27675294876098633
212,TF-ICON,Real-Real,0.23002496361732483,5.985716819763184,0.005475764918824383,0.2037840336561203,0.27675294876098633
213,Photoshop,Real-Real,0.3851318657398224,5.113494873046875,0.0003527932775118404,0.3079891800880432,0.5929341316223145
213,TF-ICON,Real-Real,0.39351126551628113,5.3997650146484375,0.004171597102779304,0.31147369742393494,0.5929341316223145
214,Photoshop,Real-Real,0.3552093207836151,4.35863733291626,0.0006965286206778699,0.26913416385650635,0.6542431712150574
214,TF-ICON,Real-Real,0.3850329518318176,5.337030410766602,0.01014929287212764,0.3352341055870056,0.6542431712150574
215,Photoshop,Real-Real,0.2912956774234772,5.214062690734863,0.0018578735913370769,0.23309756815433502,0.1183498278260231
215,TF-ICON,Real-Real,0.32465142011642456,5.906286716461182,0.009766582257256066,0.24031247198581696,0.1183498278260231
216,Photoshop,Real-Real,0.37450575828552246,5.1917805671691895,0.00037309034550937504,0.382885605096817,0.4234287440776825
216,TF-ICON,Real-Real,0.43970176577568054,6.191972732543945,0.0032742621281889725,0.39259183406829834,0.4234287440776825
217,Photoshop,Real-Real,0.3507959544658661,5.196949481964111,0.0008494272428396816,0.29085057973861694,0.23567655682563782
217,TF-ICON,Real-Real,0.3765380084514618,5.7422308921813965,0.006174643201700272,0.30438560247421265,0.23567655682563782
218,Photoshop,Real-Real,0.41225701570510864,5.389666557312012,4.532977574527522e-05,0.3303307294845581,0.2409539818763733
218,TF-ICON,Real-Real,0.42341485619544983,5.95615291595459,0.03503241836091575,0.3490731120109558,0.2409539818763733
219,Photoshop,Real-Real,0.2918318510055542,4.951395511627197,0.0006885551894994804,0.2525559067726135,0.6498867273330688
219,TF-ICON,Real-Real,0.35761818289756775,5.40751838684082,0.009884069683869354,0.28226226568222046,0.6498867273330688
221,Photoshop,Real-Real,0.10860125720500946,4.836759567260742,0.0007243858211674345,0.19382505118846893,0.5552834272384644
221,TF-ICON,Real-Real,0.18239837884902954,5.320331573486328,0.003860745680772443,0.19389963150024414,0.5552834272384644
222,Photoshop,Real-Real,0.32329699397087097,5.227400779724121,0.0018062533955878716,0.2751257121562958,0.4341678023338318
222,TF-ICON,Real-Real,0.3297339677810669,5.737530708312988,0.010750356189140484,0.2538258135318756,0.4341678023338318
223,Photoshop,Real-Real,0.3041096329689026,4.782525062561035,0.0019423644861366683,0.26361167430877686,0.012843143194913864
223,TF-ICON,Real-Real,0.311832070350647,5.604104042053223,0.012925465763830359,0.22849398851394653,0.012843143194913864
224,Photoshop,Real-Real,0.2405446618795395,5.267780303955078,0.0015172610092873168,0.23567095398902893,0.4908851683139801
224,TF-ICON,Real-Real,0.288815438747406,5.609318733215332,0.009899880663079416,0.23087811470031738,0.4908851683139801
225,Photoshop,Real-Real,0.4321250915527344,4.855556011199951,0.000767253711443993,0.2926099896430969,0.36705708503723145
225,TF-ICON,Real-Real,0.37135711312294006,5.517560958862305,0.0071670093788244625,0.2731527090072632,0.36705708503723145
226,Photoshop,Real-Real,0.3468273878097534,5.474977493286133,0.000679581205442186,0.21949101984500885,0.19184863567352295
226,TF-ICON,Real-Real,0.36246252059936523,6.53806734085083,0.010029751735676645,0.22565674781799316,0.19184863567352295
227,Photoshop,Real-Real,0.2909793555736542,5.077069282531738,0.0006830784554659549,0.2637837827205658,0.2760622501373291
227,TF-ICON,Real-Real,0.3220052123069763,5.899598121643066,0.00621100059777847,0.2685586214065552,0.2760622501373291
228,Photoshop,Real-Real,0.2555268108844757,4.956659317016602,0.0005331245576382399,0.22794030606746674,0.3121960759162903
228,TF-ICON,Real-Real,0.31823068857192993,5.261198043823242,0.005459324638898785,0.2096775323152542,0.3121960759162903
229,Photoshop,Real-Real,0.33963286876678467,4.353761196136475,0.001625807209321545,0.24151360988616943,0.4168339967727661
229,TF-ICON,Real-Real,0.3259521424770355,4.80132532119751,0.01158929744808188,0.22460924088954926,0.4168339967727661
230,Photoshop,Real-Real,0.3218851387500763,4.394937992095947,0.0007226663855537763,0.2453717440366745,0.5665386915206909
230,TF-ICON,Real-Real,0.3565787076950073,5.311938285827637,0.012810450288751161,0.27782201766967773,0.5665386915206909
231,Photoshop,Real-Real,0.33455830812454224,5.14760684967041,0.0003920655303455127,0.29352131485939026,0.5850429534912109
231,TF-ICON,Real-Real,0.3640901446342468,5.403945446014404,0.0030956226366983365,0.29306724667549133,0.5850429534912109
232,Photoshop,Real-Real,0.24875351786613464,4.602024555206299,0.001476828871573131,0.2347330003976822,0.02169613167643547
232,TF-ICON,Real-Real,0.29906147718429565,4.851770401000977,0.008895340254894114,0.23139439523220062,0.02169613167643547
233,Photoshop,Real-Real,0.4190434217453003,5.578630447387695,4.6894124196646364e-05,0.31855508685112,0.27086764574050903
233,TF-ICON,Real-Real,0.42145514488220215,6.0394511222839355,0.03467214103168379,0.32510340213775635,0.27086764574050903
234,Photoshop,Real-Real,0.3037872612476349,5.157447338104248,0.0018537938377330612,0.28843215107917786,0.30934032797813416
234,TF-ICON,Real-Real,0.37433668971061707,5.780702590942383,0.011460934862371349,0.2897733151912689,0.30934032797813416
235,Photoshop,Real-Real,0.28041157126426697,5.055469512939453,0.0015017301167575916,0.23640327155590057,0.23720167577266693
235,TF-ICON,Real-Real,0.2807903289794922,5.25803279876709,0.008249876188942146,0.2254982441663742,0.23720167577266693
236,Photoshop,Real-Real,0.34487104415893555,5.326140403747559,0.0006481887231638255,0.23219916224479675,0.1750202178955078
236,TF-ICON,Real-Real,0.35618990659713745,6.061562538146973,0.012969922209700148,0.25639036297798157,0.1750202178955078
237,Photoshop,Real-Real,0.2863745093345642,5.13009786605835,0.001470677015123739,0.2718460261821747,0.2817925214767456
237,TF-ICON,Real-Real,0.2979696989059448,5.116315841674805,0.008624465605749306,0.2785627245903015,0.2817925214767456
238,Photoshop,Real-Real,0.37821394205093384,4.883915424346924,0.0006891051558318359,0.31951355934143066,0.509692370891571
238,TF-ICON,Real-Real,0.4604405462741852,5.66322660446167,0.0062682915513692225,0.35777899622917175,0.509692370891571
239,Photoshop,Real-Real,0.29433637857437134,5.343459129333496,4.327567056838748e-05,0.2319638580083847,0.10874339938163757
239,TF-ICON,Real-Real,0.29961562156677246,5.6406989097595215,0.03592702552911534,0.21413299441337585,0.10874339938163757
240,Photoshop,Real-Real,0.205623060464859,4.947957992553711,0.0006712905744023398,0.1787562221288681,0.3824060261249542
240,TF-ICON,Real-Real,0.28473809361457825,5.955116271972656,0.006308042814655022,0.20573166012763977,0.3824060261249542
241,Photoshop,Real-Real,0.36500880122184753,4.889841556549072,0.00038983532635162145,0.37007248401641846,0.343578040599823
241,TF-ICON,Real-Real,0.3613739013671875,5.658048629760742,0.0022350452632399504,0.3550208806991577,0.343578040599823
242,Photoshop,Real-Real,0.3613053560256958,5.276294708251953,0.0006704870353925251,0.279070109128952,0.7201969027519226
242,TF-ICON,Real-Real,0.42105165123939514,6.016380786895752,0.006243590780843923,0.31190237402915955,0.7201969027519226
243,Photoshop,Real-Real,0.2971128225326538,4.878627777099609,0.0006779423775708055,0.223003551363945,0.2322847545146942
243,TF-ICON,Real-Real,0.2636496424674988,6.075990676879883,0.007892688297623345,0.21721221506595612,0.2322847545146942
245,Photoshop,Real-Real,0.3906080424785614,5.457412242889404,0.0006644594474882458,0.2798263132572174,0.24100732803344727
245,TF-ICON,Real-Real,0.4003376364707947,6.2809858322143555,0.006047138007931508,0.2965239882469177,0.24100732803344727
246,Photoshop,Real-Real,0.28134918212890625,5.295805931091309,0.0006495586353824565,0.23178976774215698,0.16629254817962646
246,TF-ICON,Real-Real,0.2761479616165161,6.1885576248168945,0.006748271934249707,0.23249827325344086,0.16629254817962646
247,Photoshop,Real-Real,0.23874765634536743,5.004581928253174,0.0015470100734800462,0.20944462716579437,0.46053677797317505
247,TF-ICON,Real-Real,0.22570252418518066,5.702013969421387,0.009213175347481815,0.23634718358516693,0.46053677797317505
249,Photoshop,Real-Real,0.3048494756221771,5.222925186157227,0.0006841975824913586,0.21233676373958588,0.09288431704044342
249,TF-ICON,Real-Real,0.3024909198284149,6.584449768066406,0.005837441292501178,0.23443032801151276,0.09288431704044342
250,Photoshop,Real-Real,0.2852959632873535,5.093503475189209,0.0018361342413553959,0.2876513600349426,0.3815081715583801
250,TF-ICON,Real-Real,0.31356751918792725,5.125173568725586,0.01158140896242326,0.24177540838718414,0.3815081715583801
251,Photoshop,Real-Real,0.27462339401245117,5.107280731201172,0.0006803928725056148,0.21515721082687378,0.11227056384086609
251,TF-ICON,Real-Real,0.3130218982696533,6.336352348327637,0.0057653655165097835,0.22793352603912354,0.11227056384086609
252,Photoshop,Real-Real,0.3406853675842285,5.326930999755859,0.0006637233442793165,0.2444552332162857,0.2725563049316406
252,TF-ICON,Real-Real,0.3768559396266937,5.899045944213867,0.0072595975557500836,0.30764731764793396,0.2725563049316406
253,Photoshop,Real-Real,0.3084454834461212,5.6518120765686035,0.0006639186268492093,0.24375316500663757,0.2147434651851654
253,TF-ICON,Real-Real,0.3203828036785126,6.290694236755371,0.00537681769239746,0.24486374855041504,0.2147434651851654
255,Photoshop,Real-Real,0.3128345310688019,4.769891262054443,0.0015628066187822964,0.26443180441856384,0.36594492197036743
255,TF-ICON,Real-Real,0.31940263509750366,5.1413702964782715,0.01048922417962497,0.27089717984199524,0.36594492197036743
256,Photoshop,Real-Real,0.30828434228897095,5.560800075531006,0.0019197140157922404,0.26101911067962646,0.3565030097961426
256,TF-ICON,Real-Real,0.34115171432495117,6.214076042175293,0.01692538673921177,0.27169567346572876,0.3565030097961426
257,Photoshop,Real-Real,0.3352043628692627,5.331289768218994,0.00036863460102781547,0.3186204135417938,0.6783177256584167
257,TF-ICON,Real-Real,0.3688920736312866,5.448971748352051,0.011430120511336166,0.3214983344078064,0.6783177256584167
258,Photoshop,Real-Real,0.28540247678756714,4.947463035583496,0.0003452699899583951,0.3070841133594513,0.7352434396743774
258,TF-ICON,Real-Real,0.322613924741745,5.205039024353027,0.003086697745505729,0.2656610906124115,0.7352434396743774
259,Photoshop,Real-Real,0.28665691614151,5.0611748695373535,0.0018482891759423385,0.23902586102485657,0.32458195090293884
259,TF-ICON,Real-Real,0.312078058719635,5.7235822677612305,0.013959886330181059,0.23478682339191437,0.32458195090293884
260,Photoshop,Real-Real,0.318419486284256,5.333987712860107,4.548997606637713e-05,0.22404518723487854,0.32175323367118835
260,TF-ICON,Real-Real,0.3358156085014343,5.7415266036987305,0.03602944509110132,0.255187451839447,0.32175323367118835
261,Photoshop,Real-Real,0.2993433475494385,5.0338945388793945,0.001959290396362166,0.23703362047672272,0.27327674627304077
261,TF-ICON,Real-Real,0.3560318648815155,5.956880569458008,0.01030438088137139,0.2677910625934601,0.27327674627304077
262,Photoshop,Real-Real,0.22737661004066467,4.818594932556152,0.001940134289992492,0.242318794131279,0.1988428384065628
262,TF-ICON,Real-Real,0.30050426721572876,5.420316696166992,0.011756524280558537,0.25174763798713684,0.1988428384065628
263,Photoshop,Real-Real,0.37365105748176575,5.800765037536621,0.0006534804120064969,0.2812623083591461,0.2208934724330902
263,TF-ICON,Real-Real,0.3855724632740021,6.283041000366211,0.008007437669940996,0.29725176095962524,0.2208934724330902
265,Photoshop,Real-Real,0.386163592338562,5.071800231933594,0.00032383714723442387,0.3135698437690735,0.5898529291152954
265,TF-ICON,Real-Real,0.38065680861473083,5.327962398529053,0.002178768480173375,0.30815133452415466,0.5898529291152954
266,Photoshop,Real-Real,0.37248140573501587,5.980647087097168,0.000691988027646999,0.25183025002479553,0.22471463680267334
266,TF-ICON,Real-Real,0.3971376419067383,6.4959821701049805,0.005336231649060759,0.29069897532463074,0.22471463680267334
267,Photoshop,Real-Real,0.36493730545043945,5.573366165161133,0.000680584531151081,0.2399153858423233,0.132476344704628
267,TF-ICON,Real-Real,0.3602275848388672,6.073465347290039,0.006277480641973311,0.269252210855484,0.132476344704628
268,Photoshop,Real-Real,0.3804909288883209,5.130903244018555,0.000353234465887438,0.36864081025123596,0.53113853931427
268,TF-ICON,Real-Real,0.40155911445617676,5.798262596130371,0.0028942769483140097,0.3493381142616272,0.53113853931427
269,Photoshop,Real-Real,0.18369139730930328,4.928778648376465,0.000970272726911839,0.1507239043712616,0.3591376841068268
269,TF-ICON,Real-Real,0.22526228427886963,5.407471656799316,0.009111812374431101,0.18379108607769012,0.3591376841068268
270,Photoshop,Real-Real,0.29675307869911194,5.393428802490234,0.0019755373109192047,0.22944335639476776,0.25956809520721436
270,TF-ICON,Real-Real,0.3175908327102661,5.673015117645264,0.010749350248281737,0.25692233443260193,0.25956809520721436
271,Photoshop,Real-Real,0.26578381657600403,5.376461029052734,0.0006630338133877788,0.19440466165542603,0.34079042077064514
271,TF-ICON,Real-Real,0.27433517575263977,5.5316691398620605,0.005783950881854759,0.18411831557750702,0.34079042077064514
272,Photoshop,Real-Real,0.24321798980236053,5.505568504333496,0.0006080761055130361,0.199295774102211,0.14246660470962524
272,TF-ICON,Real-Real,0.2915312349796295,5.500288963317871,0.0035003409116956636,0.22548960149288177,0.14246660470962524
273,Photoshop,Real-Real,0.23269280791282654,4.790513038635254,0.0008419070325706777,0.2942698001861572,0.29049181938171387
273,TF-ICON,Real-Real,0.28434252738952637,5.735640525817871,0.010697925793747641,0.2541511058807373,0.29049181938171387
274,Photoshop,Real-Real,0.34966033697128296,4.533436298370361,0.0016248503016682721,0.26121985912323,0.5676892399787903
274,TF-ICON,Real-Real,0.3616146147251129,4.92995023727417,0.009491018627824083,0.28401416540145874,0.5676892399787903
275,Photoshop,Real-Real,0.2954593002796173,5.065913200378418,0.0018671605773026311,0.2580735683441162,0.05121326819062233
275,TF-ICON,Real-Real,0.37684571743011475,5.784595489501953,0.00967939969927156,0.30399289727211,0.05121326819062233
276,Photoshop,Real-Real,0.3471597731113434,5.453460693359375,0.0006564223783804871,0.2548632323741913,0.19834217429161072
276,TF-ICON,Real-Real,0.3759579062461853,6.425278186798096,0.008720956124892168,0.28844618797302246,0.19834217429161072
277,Photoshop,Real-Real,0.2980303466320038,5.189579010009766,0.001891822931162684,0.24338944256305695,0.20134267210960388
277,TF-ICON,Real-Real,0.2971061170101166,5.764304161071777,0.009936848378453832,0.23091092705726624,0.20134267210960388
278,Photoshop,Real-Real,0.4168745279312134,4.899572372436523,0.0003348908235127442,0.35409146547317505,0.5672118663787842
278,TF-ICON,Real-Real,0.4394035041332245,5.464945316314697,0.003071102461014482,0.3245050311088562,0.5672118663787842
279,Photoshop,Real-Real,0.3126163184642792,4.859199523925781,0.001952476731826195,0.2514777183532715,0.14768537878990173
279,TF-ICON,Real-Real,0.34133413434028625,5.354272365570068,0.009786649973868598,0.26738786697387695,0.14768537878990173
280,Photoshop,Real-Real,0.28400078415870667,5.028981685638428,0.0015066223396033114,0.21704958379268646,0.14750976860523224
280,TF-ICON,Real-Real,0.27415770292282104,4.946931838989258,0.00927837263087706,0.2124929577112198,0.14750976860523224
281,Photoshop,Real-Real,0.384863018989563,4.595338821411133,0.00034722903244426115,0.3568941056728363,0.6471543312072754
281,TF-ICON,Real-Real,0.408241868019104,5.350134372711182,0.003865970149492238,0.33291423320770264,0.6471543312072754
282,Photoshop,Real-Real,0.2006421685218811,4.911678314208984,0.000985838978687149,0.17684535682201385,0.36945217847824097
282,TF-ICON,Real-Real,0.20408447086811066,5.390361785888672,0.019540797673525786,0.18032850325107574,0.36945217847824097
283,Photoshop,Real-Real,0.3311734199523926,5.311938285827637,0.0015945470477879264,0.2566053867340088,0.3482941687107086
283,TF-ICON,Real-Real,0.34120774269104004,5.997633457183838,0.010433857233017122,0.2591646909713745,0.3482941687107086
284,Photoshop,Real-Real,0.36844781041145325,4.910212516784668,0.0015614059542066394,0.2931157350540161,0.3573153018951416
284,TF-ICON,Real-Real,0.37433937191963196,5.182526588439941,0.009080354334784872,0.30503833293914795,0.3573153018951416
285,Photoshop,Real-Real,0.3523390293121338,4.923192977905273,0.0007573639440621225,0.2806133031845093,0.6451725363731384
285,TF-ICON,Real-Real,0.45916974544525146,5.662635326385498,0.013631385891542398,0.3315126895904541,0.6451725363731384
286,Photoshop,Real-Real,0.171691432595253,4.742527484893799,0.0007125063272646826,0.22696100175380707,0.3598366379737854
286,TF-ICON,Real-Real,0.17112116515636444,5.144108772277832,0.002803030906495467,0.22533947229385376,0.3598366379737854
287,Photoshop,Real-Real,0.34702280163764954,5.2639055252075195,0.0018469572017350041,0.2974853217601776,0.3205741345882416
287,TF-ICON,Real-Real,0.359256774187088,5.837872505187988,0.01130809772384326,0.29661092162132263,0.3205741345882416
288,Photoshop,Real-Real,0.38926243782043457,5.203801155090332,0.00038403196900973986,0.3535965383052826,0.5149698257446289
288,TF-ICON,Real-Real,0.41909366846084595,5.700127601623535,0.0024841930651899316,0.3428146541118622,0.5149698257446289
289,Photoshop,Real-Real,0.2211502492427826,4.489235877990723,0.0014734990626973615,0.14814163744449615,0.09492737054824829
289,TF-ICON,Real-Real,0.3239229619503021,5.041513442993164,0.009508757726589096,0.21838918328285217,0.09492737054824829
290,Photoshop,Real-Real,0.29075515270233154,4.415870666503906,0.0014736701739601166,0.22776825726032257,0.2297266125679016
290,TF-ICON,Real-Real,0.3206949830055237,4.72012996673584,0.011145584504789693,0.22239568829536438,0.2297266125679016
291,Photoshop,Real-Real,0.296191930770874,5.205652236938477,0.0008441779490846505,0.27033963799476624,0.5711278319358826
291,TF-ICON,Real-Real,0.292248398065567,5.445493698120117,0.006703226656779746,0.2782592177391052,0.5711278319358826
292,Photoshop,Real-Real,0.24910850822925568,5.277056694030762,0.0006839104593314802,0.21368035674095154,0.27988821268081665
292,TF-ICON,Real-Real,0.2871719002723694,5.928215026855469,0.008580301860744847,0.2508068382740021,0.27988821268081665
293,Photoshop,Real-Real,0.299827516078949,5.296133041381836,0.000784840410323437,0.2165999561548233,0.38963449001312256
293,TF-ICON,Real-Real,0.3243308663368225,5.638842582702637,0.005463584664102399,0.23744657635688782,0.38963449001312256
294,Photoshop,Real-Painting,0.30094802379608154,5.496140480041504,0.0007717327562895853,0.28521913290023804,0.32420843839645386
294,TF-ICON,Real-Painting,0.31078752875328064,5.084267616271973,0.01036877700866765,0.28290238976478577,0.32420843839645386
295,Photoshop,Real-Painting,0.4250302314758301,5.551503658294678,0.0010837899942299503,0.3366595208644867,0.2088095247745514
295,TF-ICON,Real-Painting,0.42667093873023987,5.786779403686523,0.010963449195760007,0.3344542682170868,0.2088095247745514
296,Photoshop,Real-Painting,0.401328444480896,5.359637260437012,0.0010835271003441975,0.32896238565444946,0.1600753366947174
296,TF-ICON,Real-Painting,0.39843955636024475,5.7377166748046875,0.00974968281010175,0.29654812812805176,0.1600753366947174
297,Photoshop,Real-Painting,0.39706236124038696,5.58353328704834,0.001255938335421958,0.2922781705856323,0.2199191302061081
297,TF-ICON,Real-Painting,0.4030633270740509,6.048364162445068,0.008330336758733976,0.3331821858882904,0.2199191302061081
298,Photoshop,Real-Painting,0.4100821316242218,5.198513031005859,0.0010843501330909898,0.33049485087394714,0.26929476857185364
298,TF-ICON,Real-Painting,0.41118326783180237,5.637250900268555,0.010120328687572858,0.3349292278289795,0.26929476857185364
299,Photoshop,Real-Painting,0.32295435667037964,5.412652015686035,0.0007719021370581534,0.29917779564857483,0.20935924351215363
299,TF-ICON,Real-Painting,0.31457963585853577,5.647787570953369,0.031629013640699685,0.28314757347106934,0.20935924351215363
300,Photoshop,Real-Painting,0.30185142159461975,5.61323356628418,0.0010427574444500493,0.270573228597641,0.23328840732574463
300,TF-ICON,Real-Painting,0.28422272205352783,5.546717643737793,0.011841975198240312,0.2632347345352173,0.23328840732574463
301,Photoshop,Real-Painting,0.4061037302017212,5.334140777587891,0.0010856455806908566,0.324459046125412,0.310581773519516
301,TF-ICON,Real-Painting,0.40290701389312744,5.6974077224731445,0.009275506591793917,0.32671675086021423,0.310581773519516
302,Photoshop,Real-Painting,0.31600168347358704,5.78430700302124,0.0007714574968576978,0.3133309483528137,0.23246929049491882
302,TF-ICON,Real-Painting,0.2897147834300995,5.429026126861572,0.020165391219535807,0.2769831418991089,0.23246929049491882
303,Photoshop,Real-Painting,0.42979443073272705,5.467199325561523,0.001084590939305275,0.3312508761882782,0.2620590329170227
303,TF-ICON,Real-Painting,0.41450369358062744,5.721735000610352,0.00877897713452049,0.3273847997188568,0.2620590329170227
304,Photoshop,Real-Painting,0.25403061509132385,5.634550094604492,0.0007703827310066456,0.2278674691915512,0.4562614858150482
304,TF-ICON,Real-Painting,0.2600727677345276,5.254737854003906,0.009914795025380082,0.22344641387462616,0.4562614858150482
305,Photoshop,Real-Painting,0.346454918384552,5.162046909332275,0.0007728001546879611,0.287687748670578,0.20778155326843262
305,TF-ICON,Real-Painting,0.2951420545578003,5.392221450805664,0.02296623588941545,0.24163007736206055,0.20778155326843262
306,Photoshop,Real-Painting,0.42457905411720276,5.81466817855835,0.0010842854722003673,0.3143654763698578,0.18754728138446808
306,TF-ICON,Real-Painting,0.41887006163597107,5.916109085083008,0.009277125269969835,0.3354340195655823,0.18754728138446808
307,Photoshop,Real-Painting,0.3928244709968567,5.400235176086426,0.0011788733456394498,0.3338942229747772,0.09268893301486969
307,TF-ICON,Real-Painting,0.3910418450832367,5.729681968688965,0.009353949585447708,0.3064163327217102,0.09268893301486969
308,Photoshop,Real-Painting,0.2650981545448303,5.684364318847656,0.0007697778368672327,0.2098706066608429,0.26939189434051514
308,TF-ICON,Real-Painting,0.29655253887176514,5.483243942260742,0.02389100838854564,0.2668743431568146,0.26939189434051514
309,Photoshop,Real-Painting,0.37809813022613525,5.412832736968994,0.0010852493236629625,0.33016273379325867,0.21494726836681366
309,TF-ICON,Real-Painting,0.38387593626976013,5.868197441101074,0.009623811963868354,0.33201679587364197,0.21494726836681366
310,Photoshop,Real-Painting,0.41058284044265747,5.379718780517578,0.0010840673811755247,0.3495277166366577,0.11510273814201355
310,TF-ICON,Real-Painting,0.4115822911262512,5.8049397468566895,0.009062397374454351,0.33599114418029785,0.11510273814201355
311,Photoshop,Real-Painting,0.25500136613845825,6.121737003326416,0.0006714663429467384,0.1755494773387909,0.6500495672225952
311,TF-ICON,Real-Painting,0.26253414154052734,5.889618396759033,0.007211246877320506,0.1974579095840454,0.6500495672225952
312,Photoshop,Real-Painting,0.27304917573928833,6.154697418212891,0.0005284938433011858,0.21142517030239105,0.7348384261131287
312,TF-ICON,Real-Painting,0.3301633894443512,5.723433494567871,0.00840041783827375,0.22985297441482544,0.7348384261131287
313,Photoshop,Real-Painting,0.29474326968193054,6.146595001220703,0.0006757316375800271,0.20333534479141235,0.534162163734436
313,TF-ICON,Real-Painting,0.30729779601097107,5.80000638961792,0.008828173037555204,0.21065376698970795,0.534162163734436
314,Photoshop,Real-Painting,0.42151620984077454,5.5069966316223145,0.0010838308950629522,0.32746028900146484,0.18293851613998413
314,TF-ICON,Real-Painting,0.41403019428253174,5.885907173156738,0.008998040635940086,0.3186016082763672,0.18293851613998413
315,Photoshop,Real-Painting,0.19947470724582672,5.6037750244140625,0.0007699506079037192,0.19636042416095734,0.13842257857322693
315,TF-ICON,Real-Painting,0.18595661222934723,5.351849555969238,0.029812319556458584,0.2549910247325897,0.13842257857322693
316,Photoshop,Real-Painting,0.2727211117744446,5.641639709472656,0.0007694187343403344,0.2942236363887787,0.27395889163017273
316,TF-ICON,Real-Painting,0.255460262298584,5.530788898468018,0.02901259087897396,0.23653799295425415,0.27395889163017273
317,Photoshop,Real-Painting,0.40853244066238403,5.6752848625183105,0.001084372290567437,0.3200066089630127,0.2692200541496277
317,TF-ICON,Real-Painting,0.39682766795158386,5.621594429016113,0.011267325544352239,0.32553449273109436,0.2692200541496277
318,Photoshop,Real-Painting,0.26770132780075073,5.610102653503418,0.0016855345006947524,0.25783711671829224,0.27415600419044495
318,TF-ICON,Real-Painting,0.23971711099147797,5.360616683959961,0.0157073212498993,0.21964699029922485,0.27415600419044495
319,Photoshop,Real-Painting,0.28661036491394043,5.254049301147461,0.0007684318533245285,0.3134399950504303,0.2193787693977356
319,TF-ICON,Real-Painting,0.22507935762405396,5.267877578735352,0.012622213769658087,0.23334456980228424,0.2193787693977356
320,Photoshop,Real-Painting,0.23636475205421448,5.727591037750244,0.0005655324352625221,0.19605107605457306,0.6283237934112549
320,TF-ICON,Real-Painting,0.36374375224113464,5.550552845001221,0.008817138104889058,0.23786954581737518,0.6283237934112549
321,Photoshop,Real-Painting,0.3447745740413666,5.828558921813965,0.0010839441213092449,0.29498356580734253,0.16011133790016174
321,TF-ICON,Real-Painting,0.34709829092025757,5.562387466430664,0.009355202290781923,0.3098967671394348,0.16011133790016174
322,Photoshop,Real-Painting,0.3580682575702667,5.652685165405273,0.0010834429993983076,0.3102375268936157,0.07716764509677887
322,TF-ICON,Real-Painting,0.36703550815582275,5.3909912109375,0.009995786691276173,0.27955636382102966,0.07716764509677887
323,Photoshop,Real-Painting,0.42222359776496887,6.057356834411621,0.0011120272954130246,0.3035012185573578,0.13671979308128357
323,TF-ICON,Real-Painting,0.40807127952575684,6.041581630706787,0.010188132539508647,0.3058256506919861,0.13671979308128357
324,Photoshop,Real-Painting,0.29345884919166565,5.394323825836182,0.0007719102868824694,0.3129953444004059,0.24546611309051514
324,TF-ICON,Real-Painting,0.26828330755233765,5.369349479675293,0.030734811333886624,0.2929779887199402,0.24546611309051514
325,Photoshop,Real-Painting,0.28154456615448,5.65695858001709,0.0006689646215712566,0.19521602988243103,0.5264782309532166
325,TF-ICON,Real-Painting,0.32116907835006714,5.869444370269775,0.008209385470095098,0.21157748997211456,0.5264782309532166
326,Photoshop,Real-Painting,0.4179496765136719,5.742273330688477,0.0010845373570870637,0.3227304220199585,0.1771876960992813
326,TF-ICON,Real-Painting,0.40018877387046814,6.040772438049316,0.00886507129724857,0.31217050552368164,0.1771876960992813
327,Photoshop,Real-Painting,0.3764888644218445,5.580169677734375,0.0010844543709770096,0.3192223012447357,0.29976022243499756
327,TF-ICON,Real-Painting,0.38736045360565186,5.9304022789001465,0.009807506010664085,0.335235059261322,0.29976022243499756
328,Photoshop,Real-Painting,0.3513737916946411,5.386238098144531,0.0010848299337286689,0.30824223160743713,0.20125362277030945
328,TF-ICON,Real-Painting,0.32161280512809753,5.746070861816406,0.010256100696193675,0.294884592294693,0.20125362277030945
329,Photoshop,Real-Painting,0.2623836398124695,5.640840530395508,0.0007673803629862158,0.281352698802948,0.37268179655075073
329,TF-ICON,Real-Painting,0.2411641627550125,5.355613708496094,0.009840404867435357,0.2719411849975586,0.37268179655075073
